{
  "2026": {
    "CN": [
      {
        "date": "2026-01-01",
        "name": "New Year's Day"
      },
      {
        "date": "2026-02-15",
        "name": "Chinese New Year"
      },
      {
        "date": "2026-02-16",
        "name": "Chinese New Year"
      },
      {
        "date": "2026-02-17",
        "name": "Chinese New Year"
      },
      {
        "date": "2026-02-18",
        "name": "Chinese New Year"
      },
      {
        "date": "2026-02-19",
        "name": "Chinese New Year"
      },
      {
        "date": "2026-02-20",
        "name": "Chinese New Year"
      },
      {
        "date": "2026-02-21",
        "name": "Chinese New Year"
      },
      {
        "date": "2026-02-22",
        "name": "Chinese New Year"
      },
      {
        "date": "2026-02-23",
        "name": "Chinese New Year"
      },
      {
        "date": "2026-04-04",
        "name": "Tomb-Sweeping Day"
      },
      {
        "date": "2026-05-01",
        "name": "Labor Day"
      },
      {
        "date": "2026-06-19",
        "name": "Dragon Boat Festival"
      },
      {
        "date": "2026-09-25",
        "name": "Mid-Autumn Festival"
      },
      {
        "date": "2026-10-01",
        "name": "National Day"
      }
    ],
    "UK": [
      {
        "date": "2026-01-01",
        "name": "New Year's Day"
      },
      {
        "date": "2026-04-03",
        "name": "Good Friday"
      },
      {
        "date": "2026-04-06",
        "name": "Easter Monday"
      },
      {
        "date": "2026-05-04",
        "name": "Early May Bank Holiday"
      },
      {
        "date": "2026-05-25",
        "name": "Spring Bank Holiday"
      },
      {
        "date": "2026-08-31",
        "name": "Summer Bank Holiday"
      },
      {
        "date": "2026-12-25",
        "name": "Christmas Day"
      },
      {
        "date": "2026-12-28",
        "name": "Boxing Day (substitute)"
      }
    ],
    "IN": [
      {
        "date": "2026-01-26",
        "name": "Republic Day"
      },
      {
        "date": "2026-03-04",
        "name": "Holi"
      },
      {
        "date": "2026-03-21",
        "name": "Id-ul-Fitr (Tentative)"
      },
      {
        "date": "2026-03-26",
        "name": "Rama Navami"
      },
      {
        "date": "2026-03-31",
        "name": "Mahavir Jayanti"
      },
      {
        "date": "2026-04-03",
        "name": "Good Friday"
      },
      {
        "date": "2026-05-01",
        "name": "Buddha Purnima"
      },
      {
        "date": "2026-05-27",
        "name": "Id-ul-Zuha (Bakrid) (Tentative)"
      },
      {
        "date": "2026-06-26",
        "name": "Muharram (Tentative)"
      },
      {
        "date": "2026-08-15",
        "name": "Independence Day"
      },
      {
        "date": "2026-09-04",
        "name": "Janmashtami"
      },
      {
        "date": "2026-10-02",
        "name": "Mahatma Gandhi Jayanti"
      },
      {
        "date": "2026-10-20",
        "name": "Dussehra (Vijaya Dashami)"
      },
      {
        "date": "2026-11-08",
        "name": "Diwali (Deepavali)"
      },
      {
        "date": "2026-11-24",
        "name": "Guru Nanak Jayanti"
      },
      {
        "date": "2026-12-25",
        "name": "Christmas Day"
      }
    ],
    "PL": [
      {
        "date": "2026-01-01",
        "name": "New Year's Day"
      },
      {
        "date": "2026-01-06",
        "name": "Epiphany"
      },
      {
        "date": "2026-04-05",
        "name": "Easter Sunday"
      },
      {
        "date": "2026-04-06",
        "name": "Easter Monday"
      },
      {
        "date": "2026-05-01",
        "name": "Labor Day"
      },
      {
        "date": "2026-05-03",
        "name": "Constitution Day"
      },
      {
        "date": "2026-05-24",
        "name": "Whit Sunday (Pentecost)"
      },
      {
        "date": "2026-06-04",
        "name": "Corpus Christi"
      },
      {
        "date": "2026-08-15",
        "name": "Assumption of Mary"
      },
      {
        "date": "2026-11-01",
        "name": "All Saints' Day"
      },
      {
        "date": "2026-11-11",
        "name": "Independence Day"
      },
      {
        "date": "2026-12-25",
        "name": "Christmas Day"
      },
      {
        "date": "2026-12-26",
        "name": "Second Day of Christmas"
      }
    ],
    "HK": [
      {
        "date": "2026-01-01",
        "name": "The first day of January"
      },
      {
        "date": "2026-02-17",
        "name": "Lunar New Year’s Day"
      },
      {
        "date": "2026-02-18",
        "name": "The second day of Lunar New Year"
      },
      {
        "date": "2026-02-19",
        "name": "The third day of Lunar New Year"
      },
      {
        "date": "2026-04-03",
        "name": "Good Friday"
      },
      {
        "date": "2026-04-04",
        "name": "The day following Good Friday"
      },
      {
        "date": "2026-04-06",
        "name": "The day following Ching Ming Festival"
      },
      {
        "date": "2026-04-07",
        "name": "The day following Easter Monday"
      },
      {
        "date": "2026-05-01",
        "name": "Labour Day"
      },
      {
        "date": "2026-05-25",
        "name": "The day following the Birthday of the Buddha"
      },
      {
        "date": "2026-06-19",
        "name": "Tuen Ng Festival"
      },
      {
        "date": "2026-07-01",
        "name": "Hong Kong Special Administrative Region Establishment Day"
      },
      {
        "date": "2026-09-26",
        "name": "The day following the Chinese Mid-Autumn Festival"
      },
      {
        "date": "2026-10-01",
        "name": "National Day"
      },
      {
        "date": "2026-10-19",
        "name": "The day following Chung Yeung Festival"
      },
      {
        "date": "2026-12-25",
        "name": "Christmas Day"
      },
      {
        "date": "2026-12-26",
        "name": "The first weekday after Christmas Day"
      }
    ]
  }
}